keyword,language,topic,topicColor,keywordColor,limitPages,ratioNew
'Energiekrise',de,Krise,#cc0066,#ffe6f2,3,0.2432891581658617
'Energiewende',de,Energiewende,#009933,#1aff66,3,0.1766900256980448
'Ölpreis',de,Krise,#cc0066,#ffe6f2,3,0.1608663541856983
'Gasspeicher',de,Krise,#cc0066,#ffcce6,3,0.1593780007885921
'Investitionen',de,Energiewende,#009933,#80ffaa,3,0.14739093235325845
'Ausbau',de,Energiewende,#009933,#ccffdd,3,0.1395381300381372
'Solar',de,Energiequelle,#6666ff,#e6e6ff,3,0.139159521757146
'Heizkosten',de,Folgen,#ff9900,#ffcc80,3,0.1367567669999267
'Inflation',de,Krise,#cc0066,#ff80bf,3,0.1345023534566109
'Windenergie',de,Energiequelle,#6666ff,#b3b3ff,3,0.1331270706889511
'Winter',de,Krise,#cc0066,#ffb3d9,3,0.131478011872466
'Erneuerbare',de,Energiewende,#009933,#00cc44,3,0.128693557823743
'Preisanstieg',de,Folgen,#ff9900,#ffa31a,3,0.1278988167940303
'Wasserkraft',de,Energiequelle,#6666ff,#9999ff,3,0.1138636263149841
'Photovoltaik',de,Energiequelle,#6666ff,#ccccff,3,0.1121832437769906
'Gasknappheit',de,Krise,#cc0066,#ff99cc,1,0.0922820553586757
'Energiearmut',de,Folgen,#ff9900,#ffebcc,1,0.0920760053755278
'Heizen',de,Folgen,#ff9900,#ffad33,3,0.091649286945485
'Energieeffizienz',de,Energiewende,#009933,#004d1a,3,0.073009896585352
'Flüssigerdgastransporte',de,Krise,#cc0066,#ffe6f2,1,0.0001862634485215
'Erdöltransporte',de,Krise,#cc0066,#ffe6f2,1,0.0001078183366874
