index,url,valid,domain,title,description,image,published,archive,content,quote,language,keyword
https://www.tagesspiegel.de/berlin-brandenburg-inflation-zieht-sprunghaft-an-28-prozent-im-juli-15904529.html,https://www.tagesspiegel.de/berlin-brandenburg-inflation-zieht-sprunghaft-an-28-prozent-im-juli-15904529.html,0,www.tagesspiegel.de,"Berlin / Brandenburg: Inflation zieht sprunghaft an: 2,8 Prozent im Juli","Inflation zieht sprunghaft an: 2,8 Prozent im Juli",,2026-08-01T00:02:18Z,,"Das Leben in Deutschland hat sich im Juli wieder stärker verteuert. Die Verbraucherpreise lagen um 2,8 Prozent über dem Niveau des Vorjahresmonats - nach 2,3 Prozent Inflation im Juni, wie das Statis… [+148 chars]",,de,'Inflation'
https://www.n-tv.de/wirtschaft/Kommunen-steuern-Windkraftverhinderung-mit-ihren-Pachtforderungen-id31131893.html,https://www.n-tv.de/wirtschaft/Kommunen-steuern-Windkraftverhinderung-mit-ihren-Pachtforderungen-id31131893.html,0,www.n-tv.de,"Fehlende Windräder im Südwesten: ""Kommunen steuern Windkraftverhinderung mit ihren Pachtforderungen""","Beim Solarausbau gehört Baden-Württemberg zur deutschen Spitze. Bei der Windenergie geht es im Schneckentempo voran. Wie kann das sein in einem Bundesland, das seit 15 Jahren von den Grünen regiert wird? Der Chef der EWS Schönau liefert im Interview Antworten…",https://www.n-tv.de/img/31131884/1785244953/Img_16_9/1200/Aufbau-einer-Windenergieanlage-im-Suedschwarzwald-bei-Gersbach.jpg,2026-08-01T09:09:33Z,,"Aufbau einer Windenergieanlage im Südschwarzwald bei Gersbach: ""Die Topografie ist herausfordernd."" (Foto: picture alliance / Zoonar)
Beim Solarausbau gehört Baden-Württemberg zur deutschen Spitze. … [+14378 chars]",,de,'Windenergie'
https://www.welt.de/gesundheit/article6a6f1aa5ef632fe6ede687f9/pilze-wenn-ich-mich-irre-ist-der-mensch-tot-worauf-sammler-achten-muessen.html,https://www.welt.de/gesundheit/article6a6f1aa5ef632fe6ede687f9/pilze-wenn-ich-mich-irre-ist-der-mensch-tot-worauf-sammler-achten-muessen.html,0,www.welt.de,"„Wenn ich mich irre, ist der Mensch tot“","Viele Pilze sehen inzwischen anders aus als früher, warnt Pilzberater Udo Winter. Warum dadurch die Verwechslungsgefahr steigt und welche Regeln Sammler vor Beginn der Saison beachten sollten.",https://images.welt.de/6a6f1aa5ef632fe6ede687f9/7db59867942fc4a6600d6fabae5ad34e-master/ci16x9-w1200/dpa-com-260801-935-1516428-jpg,2026-08-02T12:58:31Z,,"Viele Pilze sehen inzwischen anders aus als früher, warnt Pilzberater Udo Winter. Warum dadurch die Verwechslungsgefahr steigt und welche Regeln Sammler vor Beginn der Saison beachten sollten.Noch is… [+2929 chars]",,de,'Winter'
https://www.n-tv.de/wirtschaft/Wirtschaftsministerin-Reiche-will-Gasreserve-Finanzierung-neu-regeln-id31151553.html,https://www.n-tv.de/wirtschaft/Wirtschaftsministerin-Reiche-will-Gasreserve-Finanzierung-neu-regeln-id31151553.html,0,www.n-tv.de,Umlage auf dem Prüfstand: Wirtschaftsministerin Reiche will Gasreserve-Finanzierung neu regeln,Gasspeicher sollen in Krisensituationen die Energieversorgung sichern. Bisher soll das Einspeichern über eine Umlage bezahlt werden. Wirtschaftsministerin Reiche will Verbraucher nicht zusätzlich belasten und erwägt nun andere Finanzierungsoptionen.,https://www.n-tv.de/img/31151552/1785719466/Img_16_9/1200/Bundeswirtschaftsministerin-Katherina-Reiche-CDU-zu-Besuch-auf-dem-LNG-Terminal-FSRU-Hoeegh-Esperanza-in-Wilhemshaven.jpg,2026-08-02T23:37:52Z,,"Bis Jahresende sollen die Pläne durchs Parlament gebracht werden, so Bundeswirtschaftsministerin Katherina Reiche. (Foto: picture alliance/dpa)
Gasspeicher sollen in Krisensituationen die Energiever… [+3824 chars]",,de,'Winter'
"https://www.gamestar.de/artikel/winds-of-winter-george-martin-in-den-knast,3457323.html#article","https://www.gamestar.de/artikel/winds-of-winter-george-martin-in-den-knast,3457323.html#article",0,www.gamestar.de,News: Game of Thrones - Wegen Winds of Winter: Eigentlich dürften wir George R.R. Martin schon seit 6 Jahren in den Knast stecken,"George R.R. Martin dürfte eigentlich gar nicht mehr in Freiheit leben. Denn 2019 hatte der Schriftsteller seinen Fans versprochen, dass Sie ihn auf einer einsamen Insel einsperren dürfen, bis er The Winds of Winter fertig hat.",https://images.cgames.de/images/gamestar/293/grr-martin_6349341.jpg,2026-08-03T04:41:00Z,,"Wie geht es denn nun mit John Snow und Co. weiter? Die Antwort auf diese Frage ist uns Autor George R.R. Martin seit Jahren schuldig. Bild: HBO.
George R.R. Martin ist mit seinem nächsten Game-of-Th… [+3134 chars]",,de,'Winter'
https://ooe.orf.at/stories/3365311/,https://ooe.orf.at/stories/3365311/,0,ooe.orf.at,Dürre: Milchbauern fordern rasche Hilfe,"Die Wiesen sind braun, das Gras wächst kaum noch. Auf vielen Bauernhöfen wird bereits Futter verfüttert, das für den Winter vorgesehen war. Heimische Milchbauern geraten zunehmend unter Druck und fordern rasche Hilfsmaßnahmen.",https://ibs.orf.at/ooe?image=https%3A%2F%2Foekastatic.orf.at%2Fmims%2F2026%2F32%2F97%2Fcrops%2Fw%3D1200%2Ch%3D627%2Cq%3D75%2F3135775_master_1215497_20260728_154312.jpg%3Fs%3D65a6a5d3a7886f55972aae18b5f13ae80432ec61,2026-08-03T04:52:34Z,,"Nach Angaben der Interessengemeinschaft (IG) Milch trifft die Dürre in Österreich derzeit vor allem Milchviehbetriebe in Oberösterreich, Salzburg und Niederösterreich. Der Obmannstellvertreter der IG… [+1436 chars]",,de,'Winter'
https://www.n-tv.de/wirtschaft/Drogeriemaerkte-befluegeln-Nachfrage-nach-Bio-Lebensmitteln-id31151994.html,https://www.n-tv.de/wirtschaft/Drogeriemaerkte-befluegeln-Nachfrage-nach-Bio-Lebensmitteln-id31151994.html,0,www.n-tv.de,Umsatzplus im zweiten Quartal: Drogeriemärkte beflügeln Nachfrage nach Bio-Lebensmitteln,"In Zeiten hoher Inflation sparen viele Verbraucher auch bei Lebensmitteln. Das bekommen vor allem Anbieter von Bio-Produkten zu spüren. Mittlerweile erholt sich die Branche aber wieder. Das liegt auch daran, dass Drogerien immer stärker darauf setzen.",https://www.n-tv.de/img/31152017/1785742902/Img_16_9/1200/Ein-Kunde-betrachtet-das-Angebot-an-Bio-Fertigprodukten-in-einem-Supermarkt.jpg,2026-08-03T06:12:39Z,,"Ein Kunde betrachtet das Angebot an Bio-Fertigprodukten in einem Supermarkt. (Foto: picture alliance/dpa)
In Zeiten hoher Inflation sparen viele Verbraucher auch bei Lebensmitteln. Das bekommen vor … [+2174 chars]",,de,'Inflation'
https://www.n-tv.de/wirtschaft/Dax-steigt-auf-Rekordhoch-id31152333.html,https://www.n-tv.de/wirtschaft/Dax-steigt-auf-Rekordhoch-id31152333.html,0,www.n-tv.de,USA-Iran-Gespräche angekündigt: Dax steigt auf Rekordhoch,"Starke Quartalsberichte und sinkende Ölpreise führen zu Aufwind am Aktienmarkt: Der Dax erreicht einen Rekordwert. Der deutsche Leitindex steigt auf 25.912,59 Punkte - und damit über den Anfang Juli erreichten Höchststand.",https://www.n-tv.de/img/31152337/1785748731/Img_16_9/1200/Aktienhaendler-verfolgen-auf-ihren-Monitoren-auf-dem-Boersenparkett-in-Frankfurt-die-Kursentwicklung.jpg,2026-08-03T07:15:37Z,,"Wie in den USA und Asien legen auch hierzulande vor allem Technologieaktien wieder spürbar zu. (Foto: picture alliance/dpa)
Starke Quartalsberichte und sinkende Ölpreise führen zu Aufwind am Aktienm… [+1664 chars]",,de,'Ölpreis'
"https://www.gamestar.de/artikel/manor-lords-update-08097-patch-notes,3457412.html#article","https://www.gamestar.de/artikel/manor-lords-update-08097-patch-notes,3457412.html#article",0,www.gamestar.de,Plus - News: Manor Lords - Das neue Update ist ein echtes Mittelalter-Festmahl,Von hungrigen Weidetieren im Winter bis zur großen Steinkirche: Der Beta-Patch 0.8.097 für Manor Lords erweitert die Aufbausimulation spürbar.,https://images.cgames.de/images/gamestar/293/gs-plus-manor-lords_6432174.jpg,2026-08-03T08:43:00Z,,"Muhnor Lords, äh Manor Lords hat einen neuen Patch bekommen. Das Beta-Update auf Version 0.8.097 bringt eine schicke Kirche und eine neue Map mit sich. Außerdem gibt's mehr Nahrungsvarianten für Dorf… [+1673 chars]",,de,'Winter'
